{
  "time": {
    "precision": 1.0,
    "recall": 0.1111111111111111,
    "f1-score": 0.19999999999999998,
    "support": 9,
    "confused_with": {}
  },
  "food": {
    "precision": 0.7647058823529411,
    "recall": 0.7647058823529411,
    "f1-score": 0.7647058823529412,
    "support": 17,
    "confused_with": {}
  },
  "diets": {
    "precision": 1.0,
    "recall": 1.0,
    "f1-score": 1.0,
    "support": 3,
    "confused_with": {}
  },
  "plates": {
    "precision": 1.0,
    "recall": 1.0,
    "f1-score": 1.0,
    "support": 14,
    "confused_with": {}
  },
  "ingredients": {
    "precision": 1.0,
    "recall": 1.0,
    "f1-score": 1.0,
    "support": 2,
    "confused_with": {}
  },
  "intolerance": {
    "precision": 0.0,
    "recall": 0.0,
    "f1-score": 0.0,
    "support": 3,
    "confused_with": {}
  },
  "order_id": {
    "precision": 1.0,
    "recall": 1.0,
    "f1-score": 1.0,
    "support": 6,
    "confused_with": {}
  },
  "drink": {
    "precision": 1.0,
    "recall": 1.0,
    "f1-score": 1.0,
    "support": 5,
    "confused_with": {}
  },
  "receipt": {
    "precision": 1.0,
    "recall": 0.75,
    "f1-score": 0.8571428571428571,
    "support": 8,
    "confused_with": {
      "food": 2
    }
  },
  "regions": {
    "precision": 1.0,
    "recall": 1.0,
    "f1-score": 1.0,
    "support": 6,
    "confused_with": {}
  },
  "micro avg": {
    "precision": 0.9333333333333333,
    "recall": 0.7671232876712328,
    "f1-score": 0.8421052631578947,
    "support": 73
  },
  "macro avg": {
    "precision": 0.8764705882352942,
    "recall": 0.7625816993464053,
    "f1-score": 0.7821848739495798,
    "support": 73
  },
  "weighted avg": {
    "precision": 0.9041095890410958,
    "recall": 0.7671232876712328,
    "f1-score": 0.7898238747553815,
    "support": 73
  }
}